station_id,Constant,HumidityCoefficient,PressureCoefficient,TemperatureT-1Coefficent,TemperatureT-365Coefficient,TemperatureT-366Coefficient,Pressure StdDev,Humidity StdDev
Adelaide,0.0036015476362150074,-0.06906530281592435,0.004892192733915572,0.3747463541483134,0.7259870533272349,-0.06631441489810133,509.20903287378957,34.37432338497272
Melbourne,0.0049949185368506985,-0.09086029119728446,0.007498486494276184,0.33349653121448264,0.5475733470618377,0.04713153693429306,508.97372714396886,37.00760402770046
Sydney,0.0033604010468526184,-0.014758141307826421,0.001364482773255923,0.42271065599912,0.6652865264228697,-0.11879344966714325,509.1284315053833,35.37237675355563
